Top queries,Clicks,Impressions,CTR,Position
harbour books,98,890,11.01%,1.40
independent bookshop whitstable,142,2100,6.76%,3.20
best bookshop kent,76,3400,2.24%,8.10
poetry reading events,54,980,5.51%,5.60
second hand books whitstable,41,1600,2.56%,7.40
children's bookshop kent,38,2200,1.73%,9.20
local author events,29,740,3.92%,6.10
rare books kent,22,510,4.31%,11.30
bookshop cafe whitstable,18,1900,0.95%,12.40
signed first editions,15,320,4.69%,8.80
"maps, charts and prints",9,410,2.20%,14.10
open late bookshop,6,180,3.33%,16.80
book tokens kent,4,95,4.21%,22.40
secondhand crime novels,2,60,3.33%,18.50
harbour books opening times,1,40,2.50%,4.80
